<?xml version="1.0" encoding="UTF-8"?>
<rss version="2.0"
	xmlns:dc="http://purl.org/dc/elements/1.1/"
	xmlns:sy="http://purl.org/rss/1.0/modules/syndication/"
	xmlns:content="http://purl.org/rss/1.0/modules/content/"
  xmlns:atom="http://www.w3.org/2005/Atom"
	xmlns:itms="http://phobos.apple.com/rss/1.0/modules/itms/">

	<channel>
		<title>iTunes 10 New Releases</title>
		<link>http://itunes.apple.com/WebObjects/MZStore.woa/wa/viewNewReleases?pageType=newReleases&amp;id=24</link>
    <atom:link href="https://s.mzstatic.com/WebObjects/MZStore.woa/wpa/MRSS/newreleases/sf=143441/limit=10/genre=21/rss.xml" rel="self" type="application/rss+xml" />
		<description>iTunes Store: Today's 10 Newest Releases in Rock</description>
		<language>en</language>
		<copyright>Copyright 2008 Apple Inc.

		</copyright>
		<lastBuildDate>Fri, 19 Apr 2013 02:49:54 -0700</lastBuildDate>
		<generator>iTunes Music Store RSS v1.0.0</generator>
		<webMaster>musicstore@apple.com (iTunes Music Store)</webMaster>
		<ttl>240</ttl>

		<dc:creator>iTunes Music Store</dc:creator>
		<dc:date>2013-04-19T02:49:54-07:00</dc:date>

		<sy:updatePeriod>hourly</sy:updatePeriod>
		<sy:updateFrequency>1</sy:updateFrequency>
		<sy:updateBase>2003-09-01T12:00+00:00</sy:updateBase>
		<image>
			<url>https://s.mzstatic.com/images/rss/badge.gif</url>
			<link>http://www.apple.com/itunes/</link>
			<title>iTunes Music Store</title>
			<height>31</height>
			<width>88</width>
		</image>
		<item>
    <title>Sempiternal (Deluxe Edition) - Bring Me the Horizon</title>
    <link>https://itunes.apple.com/album/sempiternal-deluxe-edition/id616384356?uo=1&amp;v0=9988</link>
    <description>Sempiternal (Deluxe Edition) by Bring Me the Horizon</description>
    <pubDate>Fri, 19 Apr 2013 02:49:54 -0700</pubDate>
    <content:encoded><![CDATA[<TABLE BORDER=0 WIDTH="100%"><TR><TD><table border="0" width="100%" cellspacing="0" cellpadding="0">
				<tr valign="top" align="left">
					<td ALIGN=CENTER WIDTH=166 VALIGN=TOP><a href="https://itunes.apple.com/album/sempiternal-deluxe-edition/id616384356?uo=1&v0=9988"><img border="0" src="http://a747.phobos.apple.com/us/r1000/107/Music/v4/24/3f/03/243f0319-c305-e7c3-a399-e94a4d92abf5/045778727032.100x100-75.jpg" /></a></td>
					<td width="10"><img alt="" width="10" height="1" src="https://s.mzstatic.com/images/spacer.gif" /></td>
					<td width="95%"><B><a href="https://itunes.apple.com/album/sempiternal-deluxe-edition/id616384356?uo=1&v0=9988">Sempiternal (Deluxe Edition)</a></B><br>
						<a href="https://itunes.apple.com/artist/bring-me-the-horizon/id121043936?uo=1&v0=9988">Bring Me the Horizon</a><br><br>
						<font size="3" FACE="Helvetica,Arial,Geneva,Swiss,SunSans-Regular"><B>Release Date:</B>
						April 2, 2013<br>
						</font><font size="3" FACE="Helvetica,Arial,Geneva,Swiss,SunSans-Regular"><B>Total Songs:</B>
						15</font><br>
						<font size="3" FACE="Helvetica,Arial,Geneva,Swiss,SunSans-Regular"><B>Genre:</B>
						<a href="https://itunes.apple.com/genre/music-rock/id21?uo=1&v0=9988">Rock</a></font><br>
						<font size="3" FACE="Helvetica,Arial,Geneva,Swiss,SunSans-Regular"><B>Price:</B>
						$12.99</font><br>
						<font size="3" FACE="Helvetica,Arial,Geneva,Swiss,SunSans-Regular"><B>Copyright</B>
						℗ 2013 Sony Music Entertainment Uk Limited.  Under Exclusive License To Epitaph</font></td>
				</tr>
			</table></TD></TR>
			</TABLE>
]]></content:encoded>
    <category domain="https://itunes.apple.com/genre/music-rock/id21?uo=1&amp;v0=9988">Rock</category>
    <itms:artist>Bring Me the Horizon</itms:artist>
    <itms:artistLink>https://itunes.apple.com/artist/bring-me-the-horizon/id121043936?uo=1&amp;v0=9988</itms:artistLink>
    <itms:album>Sempiternal (Deluxe Edition)</itms:album>
    <itms:albumLink>https://itunes.apple.com/album/sempiternal-deluxe-edition/id616384356?uo=1&amp;v0=9988</itms:albumLink>
    <itms:albumPrice>$12.99</itms:albumPrice>
                
                <itms:coverArt height="53" width="53">http://a1082.phobos.apple.com/us/r1000/107/Music/v4/24/3f/03/243f0319-c305-e7c3-a399-e94a4d92abf5/045778727032.53x53-50.jpg</itms:coverArt>
    <itms:coverArt height="60" width="60">http://a58.phobos.apple.com/us/r1000/107/Music/v4/24/3f/03/243f0319-c305-e7c3-a399-e94a4d92abf5/045778727032.60x60-50.jpg</itms:coverArt>
    <itms:coverArt height="100" width="100">http://a747.phobos.apple.com/us/r1000/107/Music/v4/24/3f/03/243f0319-c305-e7c3-a399-e94a4d92abf5/045778727032.100x100-75.jpg</itms:coverArt>
    
    
    <itms:rights>&#8471; 2013 Sony Music Entertainment Uk Limited.  Under Exclusive License To Epitaph</itms:rights>
    
        <itms:releasedate>April 2, 2013</itms:releasedate>
    

</item>
<item>
    <title>Blindly, Lonely, Lovely - Josh Krajcik</title>
    <link>https://itunes.apple.com/album/blindly-lonely-lovely/id625312974?uo=1&amp;v0=9988</link>
    <description>Blindly, Lonely, Lovely by Josh Krajcik</description>
    <pubDate>Fri, 19 Apr 2013 02:49:54 -0700</pubDate>
    <content:encoded><![CDATA[<TABLE BORDER=0 WIDTH="100%"><TR><TD><table border="0" width="100%" cellspacing="0" cellpadding="0">
				<tr valign="top" align="left">
					<td ALIGN=CENTER WIDTH=166 VALIGN=TOP><a href="https://itunes.apple.com/album/blindly-lonely-lovely/id625312974?uo=1&v0=9988"><img border="0" src="http://a1223.phobos.apple.com/us/r1000/108/Music2/v4/ff/36/0c/ff360c93-8688-a7b5-3cb1-aa5e26315b61/859381003397.100x100-75.jpg" /></a></td>
					<td width="10"><img alt="" width="10" height="1" src="https://s.mzstatic.com/images/spacer.gif" /></td>
					<td width="95%"><B><a href="https://itunes.apple.com/album/blindly-lonely-lovely/id625312974?uo=1&v0=9988">Blindly, Lonely, Lovely</a></B><br>
						<a href="https://itunes.apple.com/artist/josh-krajcik/id475529718?uo=1&v0=9988">Josh Krajcik</a><br><br>
						<font size="3" FACE="Helvetica,Arial,Geneva,Swiss,SunSans-Regular"><B>Release Date:</B>
						April 2, 2013<br>
						</font><font size="3" FACE="Helvetica,Arial,Geneva,Swiss,SunSans-Regular"><B>Total Songs:</B>
						11</font><br>
						<font size="3" FACE="Helvetica,Arial,Geneva,Swiss,SunSans-Regular"><B>Genre:</B>
						<a href="https://itunes.apple.com/genre/music-rock/id21?uo=1&v0=9988">Rock</a></font><br>
						<font size="3" FACE="Helvetica,Arial,Geneva,Swiss,SunSans-Regular"><B>Price:</B>
						$9.99</font><br>
						<font size="3" FACE="Helvetica,Arial,Geneva,Swiss,SunSans-Regular"><B>Copyright</B>
						℗ 2012 Krajcik Records under exclusive license to BMG Rights Management (US) LLC</font></td>
				</tr>
			</table></TD></TR>
			</TABLE>
]]></content:encoded>
    <category domain="https://itunes.apple.com/genre/music-rock/id21?uo=1&amp;v0=9988">Rock</category>
    <itms:artist>Josh Krajcik</itms:artist>
    <itms:artistLink>https://itunes.apple.com/artist/josh-krajcik/id475529718?uo=1&amp;v0=9988</itms:artistLink>
    <itms:album>Blindly, Lonely, Lovely</itms:album>
    <itms:albumLink>https://itunes.apple.com/album/blindly-lonely-lovely/id625312974?uo=1&amp;v0=9988</itms:albumLink>
    <itms:albumPrice>$9.99</itms:albumPrice>
                
                <itms:coverArt height="53" width="53">http://a1302.phobos.apple.com/us/r1000/108/Music2/v4/ff/36/0c/ff360c93-8688-a7b5-3cb1-aa5e26315b61/859381003397.53x53-50.jpg</itms:coverArt>
    <itms:coverArt height="60" width="60">http://a278.phobos.apple.com/us/r1000/108/Music2/v4/ff/36/0c/ff360c93-8688-a7b5-3cb1-aa5e26315b61/859381003397.60x60-50.jpg</itms:coverArt>
    <itms:coverArt height="100" width="100">http://a1223.phobos.apple.com/us/r1000/108/Music2/v4/ff/36/0c/ff360c93-8688-a7b5-3cb1-aa5e26315b61/859381003397.100x100-75.jpg</itms:coverArt>
    
    
    <itms:rights>&#8471; 2012 Krajcik Records under exclusive license to BMG Rights Management (US) LLC</itms:rights>
    
        <itms:releasedate>April 2, 2013</itms:releasedate>
    

</item>
<item>
    <title>Gold Boots Glitter - Wheeler Brothers</title>
    <link>https://itunes.apple.com/album/gold-boots-glitter/id619468466?uo=1&amp;v0=9988</link>
    <description>Gold Boots Glitter by Wheeler Brothers</description>
    <pubDate>Fri, 19 Apr 2013 02:49:54 -0700</pubDate>
    <content:encoded><![CDATA[<TABLE BORDER=0 WIDTH="100%"><TR><TD><table border="0" width="100%" cellspacing="0" cellpadding="0">
				<tr valign="top" align="left">
					<td ALIGN=CENTER WIDTH=166 VALIGN=TOP><a href="https://itunes.apple.com/album/gold-boots-glitter/id619468466?uo=1&v0=9988"><img border="0" src="http://a151.phobos.apple.com/us/r1000/088/Music/v4/33/a5/49/33a5495d-7c06-cb37-aa3f-ef16aa7732bb/WB_CoverEdit.100x100-75.jpg" /></a></td>
					<td width="10"><img alt="" width="10" height="1" src="https://s.mzstatic.com/images/spacer.gif" /></td>
					<td width="95%"><B><a href="https://itunes.apple.com/album/gold-boots-glitter/id619468466?uo=1&v0=9988">Gold Boots Glitter</a></B><br>
						<a href="https://itunes.apple.com/artist/wheeler-brothers/id439780789?uo=1&v0=9988">Wheeler Brothers</a><br><br>
						<font size="3" FACE="Helvetica,Arial,Geneva,Swiss,SunSans-Regular"><B>Release Date:</B>
						April 2, 2013<br>
						</font><font size="3" FACE="Helvetica,Arial,Geneva,Swiss,SunSans-Regular"><B>Total Songs:</B>
						12</font><br>
						<font size="3" FACE="Helvetica,Arial,Geneva,Swiss,SunSans-Regular"><B>Genre:</B>
						<a href="https://itunes.apple.com/genre/music-rock/id21?uo=1&v0=9988">Rock</a></font><br>
						<font size="3" FACE="Helvetica,Arial,Geneva,Swiss,SunSans-Regular"><B>Price:</B>
						$9.99</font><br>
						<font size="3" FACE="Helvetica,Arial,Geneva,Swiss,SunSans-Regular"><B>Copyright</B>
						℗ 2013 FWTR Music/Bismeaux Records</font></td>
				</tr>
			</table></TD></TR>
			</TABLE>
]]></content:encoded>
    <category domain="https://itunes.apple.com/genre/music-rock/id21?uo=1&amp;v0=9988">Rock</category>
    <itms:artist>Wheeler Brothers</itms:artist>
    <itms:artistLink>https://itunes.apple.com/artist/wheeler-brothers/id439780789?uo=1&amp;v0=9988</itms:artistLink>
    <itms:album>Gold Boots Glitter</itms:album>
    <itms:albumLink>https://itunes.apple.com/album/gold-boots-glitter/id619468466?uo=1&amp;v0=9988</itms:albumLink>
    <itms:albumPrice>$9.99</itms:albumPrice>
                
                <itms:coverArt height="53" width="53">http://a854.phobos.apple.com/us/r1000/088/Music/v4/33/a5/49/33a5495d-7c06-cb37-aa3f-ef16aa7732bb/WB_CoverEdit.53x53-50.jpg</itms:coverArt>
    <itms:coverArt height="60" width="60">http://a1830.phobos.apple.com/us/r1000/088/Music/v4/33/a5/49/33a5495d-7c06-cb37-aa3f-ef16aa7732bb/WB_CoverEdit.60x60-50.jpg</itms:coverArt>
    <itms:coverArt height="100" width="100">http://a151.phobos.apple.com/us/r1000/088/Music/v4/33/a5/49/33a5495d-7c06-cb37-aa3f-ef16aa7732bb/WB_CoverEdit.100x100-75.jpg</itms:coverArt>
    
    
    <itms:rights>&#8471; 2013 FWTR Music/Bismeaux Records</itms:rights>
    
        <itms:releasedate>April 2, 2013</itms:releasedate>
    

</item>
<item>
    <title>Device (Deluxe Version) - Device</title>
    <link>https://itunes.apple.com/album/device-deluxe-version/id601618712?uo=1&amp;v0=9988</link>
    <description>Device (Deluxe Version) by Device</description>
    <pubDate>Fri, 19 Apr 2013 02:49:54 -0700</pubDate>
    <content:encoded><![CDATA[<TABLE BORDER=0 WIDTH="100%"><TR><TD><table border="0" width="100%" cellspacing="0" cellpadding="0">
				<tr valign="top" align="left">
					<td ALIGN=CENTER WIDTH=166 VALIGN=TOP><a href="https://itunes.apple.com/album/device-deluxe-version/id601618712?uo=1&v0=9988"><img border="0" src="http://a352.phobos.apple.com/us/r1000/119/Music/v4/d8/c8/8e/d8c88eee-f2d0-13b2-0c40-e4b8ad961c49/093624944690.100x100-75.jpg" /></a></td>
					<td width="10"><img alt="" width="10" height="1" src="https://s.mzstatic.com/images/spacer.gif" /></td>
					<td width="95%"><B><a href="https://itunes.apple.com/album/device-deluxe-version/id601618712?uo=1&v0=9988">Device (Deluxe Version)</a></B><br>
						<a href="https://itunes.apple.com/artist/device/id63017323?uo=1&v0=9988">Device</a><br><br>
						<font size="3" FACE="Helvetica,Arial,Geneva,Swiss,SunSans-Regular"><B>Release Date:</B>
						April 2, 2013<br>
						</font><font size="3" FACE="Helvetica,Arial,Geneva,Swiss,SunSans-Regular"><B>Total Songs:</B>
						12</font><br>
						<font size="3" FACE="Helvetica,Arial,Geneva,Swiss,SunSans-Regular"><B>Genre:</B>
						<a href="https://itunes.apple.com/genre/music-rock/id21?uo=1&v0=9988">Rock</a></font><br>
						<font size="3" FACE="Helvetica,Arial,Geneva,Swiss,SunSans-Regular"><B>Price:</B>
						$11.99</font><br>
						<font size="3" FACE="Helvetica,Arial,Geneva,Swiss,SunSans-Regular"><B>Copyright</B>
						℗ 2013 Warner Bros. Records Inc.</font></td>
				</tr>
			</table></TD></TR>
			</TABLE>
]]></content:encoded>
    <category domain="https://itunes.apple.com/genre/music-rock/id21?uo=1&amp;v0=9988">Rock</category>
    <itms:artist>Device</itms:artist>
    <itms:artistLink>https://itunes.apple.com/artist/device/id63017323?uo=1&amp;v0=9988</itms:artistLink>
    <itms:album>Device (Deluxe Version)</itms:album>
    <itms:albumLink>https://itunes.apple.com/album/device-deluxe-version/id601618712?uo=1&amp;v0=9988</itms:albumLink>
    <itms:albumPrice>$11.99</itms:albumPrice>
                
                <itms:coverArt height="53" width="53">http://a207.phobos.apple.com/us/r1000/119/Music/v4/d8/c8/8e/d8c88eee-f2d0-13b2-0c40-e4b8ad961c49/093624944690.53x53-50.jpg</itms:coverArt>
    <itms:coverArt height="60" width="60">http://a1183.phobos.apple.com/us/r1000/119/Music/v4/d8/c8/8e/d8c88eee-f2d0-13b2-0c40-e4b8ad961c49/093624944690.60x60-50.jpg</itms:coverArt>
    <itms:coverArt height="100" width="100">http://a352.phobos.apple.com/us/r1000/119/Music/v4/d8/c8/8e/d8c88eee-f2d0-13b2-0c40-e4b8ad961c49/093624944690.100x100-75.jpg</itms:coverArt>
    
    
    <itms:rights>&#8471; 2013 Warner Bros. Records Inc.</itms:rights>
    
        <itms:releasedate>April 2, 2013</itms:releasedate>
    

</item>
<item>
    <title>Heza - Generationals</title>
    <link>https://itunes.apple.com/album/heza/id623069567?uo=1&amp;v0=9988</link>
    <description>Heza by Generationals</description>
    <pubDate>Fri, 19 Apr 2013 02:49:54 -0700</pubDate>
    <content:encoded><![CDATA[<TABLE BORDER=0 WIDTH="100%"><TR><TD><table border="0" width="100%" cellspacing="0" cellpadding="0">
				<tr valign="top" align="left">
					<td ALIGN=CENTER WIDTH=166 VALIGN=TOP><a href="https://itunes.apple.com/album/heza/id623069567?uo=1&v0=9988"><img border="0" src="http://a1272.phobos.apple.com/us/r1000/105/Music2/v4/0b/5b/0f/0b5b0fb5-116b-1c13-c0f2-57df3ee00852/644110025593.100x100-75.jpg" /></a></td>
					<td width="10"><img alt="" width="10" height="1" src="https://s.mzstatic.com/images/spacer.gif" /></td>
					<td width="95%"><B><a href="https://itunes.apple.com/album/heza/id623069567?uo=1&v0=9988">Heza</a></B><br>
						<a href="https://itunes.apple.com/artist/generationals/id335867480?uo=1&v0=9988">Generationals</a><br><br>
						<font size="3" FACE="Helvetica,Arial,Geneva,Swiss,SunSans-Regular"><B>Release Date:</B>
						April 2, 2013<br>
						</font><font size="3" FACE="Helvetica,Arial,Geneva,Swiss,SunSans-Regular"><B>Total Songs:</B>
						10</font><br>
						<font size="3" FACE="Helvetica,Arial,Geneva,Swiss,SunSans-Regular"><B>Genre:</B>
						<a href="https://itunes.apple.com/genre/music-rock/id21?uo=1&v0=9988">Rock</a></font><br>
						<font size="3" FACE="Helvetica,Arial,Geneva,Swiss,SunSans-Regular"><B>Price:</B>
						$9.90</font><br>
						<font size="3" FACE="Helvetica,Arial,Geneva,Swiss,SunSans-Regular"><B>Copyright</B>
						℗ 2012 Polyvinyl Records</font></td>
				</tr>
			</table></TD></TR>
			</TABLE>
]]></content:encoded>
    <category domain="https://itunes.apple.com/genre/music-rock/id21?uo=1&amp;v0=9988">Rock</category>
    <itms:artist>Generationals</itms:artist>
    <itms:artistLink>https://itunes.apple.com/artist/generationals/id335867480?uo=1&amp;v0=9988</itms:artistLink>
    <itms:album>Heza</itms:album>
    <itms:albumLink>https://itunes.apple.com/album/heza/id623069567?uo=1&amp;v0=9988</itms:albumLink>
    <itms:albumPrice>$9.90</itms:albumPrice>
                
                <itms:coverArt height="53" width="53">http://a1943.phobos.apple.com/us/r1000/105/Music2/v4/0b/5b/0f/0b5b0fb5-116b-1c13-c0f2-57df3ee00852/644110025593.53x53-50.jpg</itms:coverArt>
    <itms:coverArt height="60" width="60">http://a1271.phobos.apple.com/us/r1000/105/Music2/v4/0b/5b/0f/0b5b0fb5-116b-1c13-c0f2-57df3ee00852/644110025593.60x60-50.jpg</itms:coverArt>
    <itms:coverArt height="100" width="100">http://a1272.phobos.apple.com/us/r1000/105/Music2/v4/0b/5b/0f/0b5b0fb5-116b-1c13-c0f2-57df3ee00852/644110025593.100x100-75.jpg</itms:coverArt>
    
    
    <itms:rights>&#8471; 2012 Polyvinyl Records</itms:rights>
    
        <itms:releasedate>April 2, 2013</itms:releasedate>
    

</item>
<item>
    <title>Live at Full Sail University - Marc Broussard</title>
    <link>https://itunes.apple.com/album/live-at-full-sail-university/id627680138?uo=1&amp;v0=9988</link>
    <description>Live at Full Sail University by Marc Broussard</description>
    <pubDate>Fri, 19 Apr 2013 02:49:54 -0700</pubDate>
    <content:encoded><![CDATA[<TABLE BORDER=0 WIDTH="100%"><TR><TD><table border="0" width="100%" cellspacing="0" cellpadding="0">
				<tr valign="top" align="left">
					<td ALIGN=CENTER WIDTH=166 VALIGN=TOP><a href="https://itunes.apple.com/album/live-at-full-sail-university/id627680138?uo=1&v0=9988"><img border="0" src="http://a1936.phobos.apple.com/us/r30/Music/v4/bb/d3/e9/bbd3e911-6d39-4174-4345-2f9edbf7fa07/859709829654_cover.100x100-75.jpg" /></a></td>
					<td width="10"><img alt="" width="10" height="1" src="https://s.mzstatic.com/images/spacer.gif" /></td>
					<td width="95%"><B><a href="https://itunes.apple.com/album/live-at-full-sail-university/id627680138?uo=1&v0=9988">Live at Full Sail University</a></B><br>
						<a href="https://itunes.apple.com/artist/marc-broussard/id16169749?uo=1&v0=9988">Marc Broussard</a><br><br>
						<font size="3" FACE="Helvetica,Arial,Geneva,Swiss,SunSans-Regular"><B>Release Date:</B>
						April 2, 2013<br>
						</font><font size="3" FACE="Helvetica,Arial,Geneva,Swiss,SunSans-Regular"><B>Total Songs:</B>
						14</font><br>
						<font size="3" FACE="Helvetica,Arial,Geneva,Swiss,SunSans-Regular"><B>Genre:</B>
						<a href="https://itunes.apple.com/genre/music-rock/id21?uo=1&v0=9988">Rock</a></font><br>
						<font size="3" FACE="Helvetica,Arial,Geneva,Swiss,SunSans-Regular"><B>Price:</B>
						$9.99</font><br>
						<font size="3" FACE="Helvetica,Arial,Geneva,Swiss,SunSans-Regular"><B>Copyright</B>
						℗ 2013 G-Man</font></td>
				</tr>
			</table></TD></TR>
			</TABLE>
]]></content:encoded>
    <category domain="https://itunes.apple.com/genre/music-rock/id21?uo=1&amp;v0=9988">Rock</category>
    <itms:artist>Marc Broussard</itms:artist>
    <itms:artistLink>https://itunes.apple.com/artist/marc-broussard/id16169749?uo=1&amp;v0=9988</itms:artistLink>
    <itms:album>Live at Full Sail University</itms:album>
    <itms:albumLink>https://itunes.apple.com/album/live-at-full-sail-university/id627680138?uo=1&amp;v0=9988</itms:albumLink>
    <itms:albumPrice>$9.99</itms:albumPrice>
                
                <itms:coverArt height="53" width="53">http://a975.phobos.apple.com/us/r30/Music/v4/bb/d3/e9/bbd3e911-6d39-4174-4345-2f9edbf7fa07/859709829654_cover.53x53-50.jpg</itms:coverArt>
    <itms:coverArt height="60" width="60">http://a1951.phobos.apple.com/us/r30/Music/v4/bb/d3/e9/bbd3e911-6d39-4174-4345-2f9edbf7fa07/859709829654_cover.60x60-50.jpg</itms:coverArt>
    <itms:coverArt height="100" width="100">http://a1936.phobos.apple.com/us/r30/Music/v4/bb/d3/e9/bbd3e911-6d39-4174-4345-2f9edbf7fa07/859709829654_cover.100x100-75.jpg</itms:coverArt>
    
    
    <itms:rights>&#8471; 2013 G-Man</itms:rights>
    
        <itms:releasedate>April 2, 2013</itms:releasedate>
    

</item>
<item>
    <title>Sempiternal - Bring Me the Horizon</title>
    <link>https://itunes.apple.com/album/sempiternal/id610855892?uo=1&amp;v0=9988</link>
    <description>Sempiternal by Bring Me the Horizon</description>
    <pubDate>Fri, 19 Apr 2013 02:49:54 -0700</pubDate>
    <content:encoded><![CDATA[<TABLE BORDER=0 WIDTH="100%"><TR><TD><table border="0" width="100%" cellspacing="0" cellpadding="0">
				<tr valign="top" align="left">
					<td ALIGN=CENTER WIDTH=166 VALIGN=TOP><a href="https://itunes.apple.com/album/sempiternal/id610855892?uo=1&v0=9988"><img border="0" src="http://a1566.phobos.apple.com/us/r1000/118/Features/v4/dd/96/b7/dd96b7b3-7111-f4c7-b58f-a1effb66ff7d/dj.qrxkqzhq.100x100-75.jpg" /></a></td>
					<td width="10"><img alt="" width="10" height="1" src="https://s.mzstatic.com/images/spacer.gif" /></td>
					<td width="95%"><B><a href="https://itunes.apple.com/album/sempiternal/id610855892?uo=1&v0=9988">Sempiternal</a></B><br>
						<a href="https://itunes.apple.com/artist/bring-me-the-horizon/id121043936?uo=1&v0=9988">Bring Me the Horizon</a><br><br>
						<font size="3" FACE="Helvetica,Arial,Geneva,Swiss,SunSans-Regular"><B>Release Date:</B>
						April 2, 2013<br>
						</font><font size="3" FACE="Helvetica,Arial,Geneva,Swiss,SunSans-Regular"><B>Total Songs:</B>
						11</font><br>
						<font size="3" FACE="Helvetica,Arial,Geneva,Swiss,SunSans-Regular"><B>Genre:</B>
						<a href="https://itunes.apple.com/genre/music-rock/id21?uo=1&v0=9988">Rock</a></font><br>
						<font size="3" FACE="Helvetica,Arial,Geneva,Swiss,SunSans-Regular"><B>Price:</B>
						$9.99</font><br>
						<font size="3" FACE="Helvetica,Arial,Geneva,Swiss,SunSans-Regular"><B>Copyright</B>
						℗ 2013 Sony Music Entertainment Uk Limited.  Under Exclusive License To Epitaph</font></td>
				</tr>
			</table></TD></TR>
			</TABLE>
]]></content:encoded>
    <category domain="https://itunes.apple.com/genre/music-rock/id21?uo=1&amp;v0=9988">Rock</category>
    <itms:artist>Bring Me the Horizon</itms:artist>
    <itms:artistLink>https://itunes.apple.com/artist/bring-me-the-horizon/id121043936?uo=1&amp;v0=9988</itms:artistLink>
    <itms:album>Sempiternal</itms:album>
    <itms:albumLink>https://itunes.apple.com/album/sempiternal/id610855892?uo=1&amp;v0=9988</itms:albumLink>
    <itms:albumPrice>$9.99</itms:albumPrice>
                
                <itms:coverArt height="53" width="53">http://a189.phobos.apple.com/us/r1000/118/Features/v4/dd/96/b7/dd96b7b3-7111-f4c7-b58f-a1effb66ff7d/dj.qrxkqzhq.53x53-50.jpg</itms:coverArt>
    <itms:coverArt height="60" width="60">http://a1165.phobos.apple.com/us/r1000/118/Features/v4/dd/96/b7/dd96b7b3-7111-f4c7-b58f-a1effb66ff7d/dj.qrxkqzhq.60x60-50.jpg</itms:coverArt>
    <itms:coverArt height="100" width="100">http://a1566.phobos.apple.com/us/r1000/118/Features/v4/dd/96/b7/dd96b7b3-7111-f4c7-b58f-a1effb66ff7d/dj.qrxkqzhq.100x100-75.jpg</itms:coverArt>
    
    
    <itms:rights>&#8471; 2013 Sony Music Entertainment Uk Limited.  Under Exclusive License To Epitaph</itms:rights>
    
        <itms:releasedate>April 2, 2013</itms:releasedate>
    

</item>
<item>
    <title>Prevailer - EP - For Today</title>
    <link>https://itunes.apple.com/album/prevailer-ep/id615555055?uo=1&amp;v0=9988</link>
    <description>Prevailer - EP by For Today</description>
    <pubDate>Fri, 19 Apr 2013 02:49:54 -0700</pubDate>
    <content:encoded><![CDATA[<TABLE BORDER=0 WIDTH="100%"><TR><TD><table border="0" width="100%" cellspacing="0" cellpadding="0">
				<tr valign="top" align="left">
					<td ALIGN=CENTER WIDTH=166 VALIGN=TOP><a href="https://itunes.apple.com/album/prevailer-ep/id615555055?uo=1&v0=9988"><img border="0" src="http://a1477.phobos.apple.com/us/r30/Music2/v4/f9/d6/85/f9d685f5-a1de-52c7-a2ce-2c22056b8f22/793018342438.100x100-75.jpg" /></a></td>
					<td width="10"><img alt="" width="10" height="1" src="https://s.mzstatic.com/images/spacer.gif" /></td>
					<td width="95%"><B><a href="https://itunes.apple.com/album/prevailer-ep/id615555055?uo=1&v0=9988">Prevailer - EP</a></B><br>
						<a href="https://itunes.apple.com/artist/for-today/id274279103?uo=1&v0=9988">For Today</a><br><br>
						<font size="3" FACE="Helvetica,Arial,Geneva,Swiss,SunSans-Regular"><B>Release Date:</B>
						April 2, 2013<br>
						</font><font size="3" FACE="Helvetica,Arial,Geneva,Swiss,SunSans-Regular"><B>Total Songs:</B>
						5</font><br>
						<font size="3" FACE="Helvetica,Arial,Geneva,Swiss,SunSans-Regular"><B>Genre:</B>
						<a href="https://itunes.apple.com/genre/music-rock-metal/id1153?uo=1&v0=9988">Metal</a></font><br>
						<font size="3" FACE="Helvetica,Arial,Geneva,Swiss,SunSans-Regular"><B>Price:</B>
						$5.99</font><br>
						<font size="3" FACE="Helvetica,Arial,Geneva,Swiss,SunSans-Regular"><B>Copyright</B>
						℗ 2013 Razor &amp; Tie Recordings, LLC Manufactured and marketed by Razor &amp; Tie Direct, LLC.</font></td>
				</tr>
			</table></TD></TR>
			</TABLE>
]]></content:encoded>
    <category domain="https://itunes.apple.com/genre/music-rock-metal/id1153?uo=1&amp;v0=9988">Metal</category>
    <itms:artist>For Today</itms:artist>
    <itms:artistLink>https://itunes.apple.com/artist/for-today/id274279103?uo=1&amp;v0=9988</itms:artistLink>
    <itms:album>Prevailer - EP</itms:album>
    <itms:albumLink>https://itunes.apple.com/album/prevailer-ep/id615555055?uo=1&amp;v0=9988</itms:albumLink>
    <itms:albumPrice>$5.99</itms:albumPrice>
                
                <itms:coverArt height="53" width="53">http://a484.phobos.apple.com/us/r30/Music2/v4/f9/d6/85/f9d685f5-a1de-52c7-a2ce-2c22056b8f22/793018342438.53x53-50.jpg</itms:coverArt>
    <itms:coverArt height="60" width="60">http://a1460.phobos.apple.com/us/r30/Music2/v4/f9/d6/85/f9d685f5-a1de-52c7-a2ce-2c22056b8f22/793018342438.60x60-50.jpg</itms:coverArt>
    <itms:coverArt height="100" width="100">http://a1477.phobos.apple.com/us/r30/Music2/v4/f9/d6/85/f9d685f5-a1de-52c7-a2ce-2c22056b8f22/793018342438.100x100-75.jpg</itms:coverArt>
    
    
    <itms:rights>&#8471; 2013 Razor &amp; Tie Recordings, LLC Manufactured and marketed by Razor &amp; Tie Direct, LLC.</itms:rights>
    
        <itms:releasedate>April 2, 2013</itms:releasedate>
    

</item>
<item>
    <title>Hate - Thy Art Is Murder</title>
    <link>https://itunes.apple.com/album/hate/id616361061?uo=1&amp;v0=9988</link>
    <description>Hate by Thy Art Is Murder</description>
    <pubDate>Fri, 19 Apr 2013 02:49:54 -0700</pubDate>
    <content:encoded><![CDATA[<TABLE BORDER=0 WIDTH="100%"><TR><TD><table border="0" width="100%" cellspacing="0" cellpadding="0">
				<tr valign="top" align="left">
					<td ALIGN=CENTER WIDTH=166 VALIGN=TOP><a href="https://itunes.apple.com/album/hate/id616361061?uo=1&v0=9988"><img border="0" src="http://a1105.phobos.apple.com/us/r1000/109/Music2/v4/8d/b1/6d/8db16d7e-ab64-fcb5-f46e-4c1b33987e35/887845799487.100x100-75.jpg" /></a></td>
					<td width="10"><img alt="" width="10" height="1" src="https://s.mzstatic.com/images/spacer.gif" /></td>
					<td width="95%"><B><a href="https://itunes.apple.com/album/hate/id616361061?uo=1&v0=9988">Hate</a></B><br>
						<a href="https://itunes.apple.com/artist/thy-art-is-murder/id288345578?uo=1&v0=9988">Thy Art Is Murder</a><br><br>
						<font size="3" FACE="Helvetica,Arial,Geneva,Swiss,SunSans-Regular"><B>Release Date:</B>
						April 2, 2013<br>
						</font><font size="3" FACE="Helvetica,Arial,Geneva,Swiss,SunSans-Regular"><B>Total Songs:</B>
						11</font><br>
						<font size="3" FACE="Helvetica,Arial,Geneva,Swiss,SunSans-Regular"><B>Genre:</B>
						<a href="https://itunes.apple.com/genre/music-rock-metal/id1153?uo=1&v0=9988">Metal</a></font><br>
						<font size="3" FACE="Helvetica,Arial,Geneva,Swiss,SunSans-Regular"><B>Price:</B>
						$9.99</font><br>
						<font size="3" FACE="Helvetica,Arial,Geneva,Swiss,SunSans-Regular"><B>Copyright</B>
						℗ 2013 Nuclear Blast Entertainment</font></td>
				</tr>
			</table></TD></TR>
			</TABLE>
]]></content:encoded>
    <category domain="https://itunes.apple.com/genre/music-rock-metal/id1153?uo=1&amp;v0=9988">Metal</category>
    <itms:artist>Thy Art Is Murder</itms:artist>
    <itms:artistLink>https://itunes.apple.com/artist/thy-art-is-murder/id288345578?uo=1&amp;v0=9988</itms:artistLink>
    <itms:album>Hate</itms:album>
    <itms:albumLink>https://itunes.apple.com/album/hate/id616361061?uo=1&amp;v0=9988</itms:albumLink>
    <itms:albumPrice>$9.99</itms:albumPrice>
                
                <itms:coverArt height="53" width="53">http://a1520.phobos.apple.com/us/r1000/109/Music2/v4/8d/b1/6d/8db16d7e-ab64-fcb5-f46e-4c1b33987e35/887845799487.53x53-50.jpg</itms:coverArt>
    <itms:coverArt height="60" width="60">http://a496.phobos.apple.com/us/r1000/109/Music2/v4/8d/b1/6d/8db16d7e-ab64-fcb5-f46e-4c1b33987e35/887845799487.60x60-50.jpg</itms:coverArt>
    <itms:coverArt height="100" width="100">http://a1105.phobos.apple.com/us/r1000/109/Music2/v4/8d/b1/6d/8db16d7e-ab64-fcb5-f46e-4c1b33987e35/887845799487.100x100-75.jpg</itms:coverArt>
    
    
    <itms:rights>&#8471; 2013 Nuclear Blast Entertainment</itms:rights>
    
        <itms:releasedate>April 2, 2013</itms:releasedate>
    

</item>
<item>
    <title>Xeno Pariah - Single - Guided By Voices</title>
    <link>https://itunes.apple.com/album/xeno-pariah-single/id619568308?uo=1&amp;v0=9988</link>
    <description>Xeno Pariah - Single by Guided By Voices</description>
    <pubDate>Fri, 19 Apr 2013 02:49:54 -0700</pubDate>
    <content:encoded><![CDATA[<TABLE BORDER=0 WIDTH="100%"><TR><TD><table border="0" width="100%" cellspacing="0" cellpadding="0">
				<tr valign="top" align="left">
					<td ALIGN=CENTER WIDTH=166 VALIGN=TOP><a href="https://itunes.apple.com/album/xeno-pariah-single/id619568308?uo=1&v0=9988"><img border="0" src="http://a213.phobos.apple.com/us/r30/Music/v4/fa/f9/b9/faf9b9ea-1a14-8a70-06dd-78e02e2631f6/655035083278.100x100-75.jpg" /></a></td>
					<td width="10"><img alt="" width="10" height="1" src="https://s.mzstatic.com/images/spacer.gif" /></td>
					<td width="95%"><B><a href="https://itunes.apple.com/album/xeno-pariah-single/id619568308?uo=1&v0=9988">Xeno Pariah - Single</a></B><br>
						<a href="https://itunes.apple.com/artist/guided-by-voices/id2960844?uo=1&v0=9988">Guided By Voices</a><br><br>
						<font size="3" FACE="Helvetica,Arial,Geneva,Swiss,SunSans-Regular"><B>Release Date:</B>
						April 2, 2013<br>
						</font><font size="3" FACE="Helvetica,Arial,Geneva,Swiss,SunSans-Regular"><B>Total Songs:</B>
						2</font><br>
						<font size="3" FACE="Helvetica,Arial,Geneva,Swiss,SunSans-Regular"><B>Genre:</B>
						<a href="https://itunes.apple.com/genre/music-rock/id21?uo=1&v0=9988">Rock</a></font><br>
						<font size="3" FACE="Helvetica,Arial,Geneva,Swiss,SunSans-Regular"><B>Price:</B>
						$1.98</font><br>
						<font size="3" FACE="Helvetica,Arial,Geneva,Swiss,SunSans-Regular"><B>Copyright</B>
						℗ 2013 GBV Inc</font></td>
				</tr>
			</table></TD></TR>
			</TABLE>
]]></content:encoded>
    <category domain="https://itunes.apple.com/genre/music-rock/id21?uo=1&amp;v0=9988">Rock</category>
    <itms:artist>Guided By Voices</itms:artist>
    <itms:artistLink>https://itunes.apple.com/artist/guided-by-voices/id2960844?uo=1&amp;v0=9988</itms:artistLink>
    <itms:album>Xeno Pariah - Single</itms:album>
    <itms:albumLink>https://itunes.apple.com/album/xeno-pariah-single/id619568308?uo=1&amp;v0=9988</itms:albumLink>
    <itms:albumPrice>$1.98</itms:albumPrice>
                
                <itms:coverArt height="53" width="53">http://a1956.phobos.apple.com/us/r30/Music/v4/fa/f9/b9/faf9b9ea-1a14-8a70-06dd-78e02e2631f6/655035083278.53x53-50.jpg</itms:coverArt>
    <itms:coverArt height="60" width="60">http://a932.phobos.apple.com/us/r30/Music/v4/fa/f9/b9/faf9b9ea-1a14-8a70-06dd-78e02e2631f6/655035083278.60x60-50.jpg</itms:coverArt>
    <itms:coverArt height="100" width="100">http://a213.phobos.apple.com/us/r30/Music/v4/fa/f9/b9/faf9b9ea-1a14-8a70-06dd-78e02e2631f6/655035083278.100x100-75.jpg</itms:coverArt>
    
    
    <itms:rights>&#8471; 2013 GBV Inc</itms:rights>
    
        <itms:releasedate>April 2, 2013</itms:releasedate>
    

</item>

	</channel>
</rss>